layers,neurons,eta,train error,test error,time [s],$\delta_0$,$\delta_1$,$\delta_2$,gradient death i,val error
L=1,$l_i$=1,$eta=0.90$,0.14930070489795746,0.165459433632438,30.425941467285156,0.0004280945708604744,0.0007403602642857206,0.0014646541236807847,670.0,0.164940809656114
